{"cameraMode":{"drawMode":0,"name":"Shaded","section":"Shading Mode"},"sceneLighting":true,"audioPlay":false,"sceneViewState":{"showFog":true,"showMaterialUpdate":false,"showSkybox":true,"showFlares":true,"showImageEffects":true,"showParticleSystems":true},"in2DMode":false,"pivot":{"x":12.279845237731934,"y":5.497178077697754,"z":-3.167440414428711},"rotation":{"x":-0.2556658089160919,"y":-0.21411383152008058,"z":0.058182746171951297,"w":-0.9409596920013428},"size":6.279542922973633,"orthographic":false}